<?xml version="1.0" encoding="UTF-8"?>
<project-private xmlns="http://www.netbeans.org/ns/project-private/1">
    <editor-bookmarks xmlns="http://www.netbeans.org/ns/editor-bookmarks/2" lastBookmarkId="0"/>
    <open-files xmlns="http://www.netbeans.org/ns/projectui-open-files/2">
        <group name="InnJoy">
            <file>file:/C:/xampp/htdocs/produtos_mercado/menu.php</file>
            <file>file:/C:/xampp/htdocs/produtos_mercado/include/consultaTabelaProdutos.php</file>
            <file>file:/C:/xampp/htdocs/produtos_mercado/assets/js/produtos.js</file>
            <file>file:/C:/xampp/htdocs/produtos_mercado/assets/css/style.css</file>
            <file>file:/C:/xampp/htdocs/produtos_mercado/estabelecimentos.php</file>
            <file>file:/C:/xampp/htdocs/produtos_mercado/include/consultaEditaProduto.php</file>
            <file>file:/C:/xampp/htdocs/produtos_mercado/inicio.php</file>
            <file>file:/C:/xampp/htdocs/produtos_mercado/include/cadastraProduto.php</file>
            <file>file:/C:/xampp/htdocs/produtos_mercado/include/editaProduto.php</file>
        </group>
    </open-files>
</project-private>
